,[soyisim]
0,KIR
1,KORKUT
2,KABAKUŞ
3,AVCIOĞLU
4,SEVÜK
5,ÖZ
6,ATEŞ BUDAK
7,KILBACAK
8,BABUŞ
9,GÜLBAHAR
10,KEÇECİ
11,DEDEMOĞLU
12,KARAASLAN
13,NACAROĞLU
14,MERCAN
15,BÜBER
16,ÖZLÜ
17,YAVUZ
18,SERVET
19,AKIŞ
20,BAYRAMOĞLU
21,ŞAİR
22,BAĞLI
23,KARADUMAN
24,CANTAY
25,TOKMAK
26,ARPAT
27,KARAGÖZ
28,TOPALKARA
29,TAŞKIN
30,TURĞUT
31,YAPRAK
32,İÇBAY
33,ÇİMEN
34,YARADILMIŞ
35,AKCAN PAKSOY
36,KEVKİR
37,KULAÇ
38,SAATÇIOĞLU
39,TEZEL
40,GENEZ
41,YENİDOĞAN
42,ÖZEN
43,BÜRKÜK
44,SERT
45,KOÇER
46,YACI
47,YALNIZ
48,KARA
49,GÜNGÖR
50,BEYOĞLU
51,TANİŞ
52,GÜMÜRDÜ
53,AVLANIR
54,ADALI
55,KARPUZOĞLU
56,SOMAY
57,VATANSEVER
58,SERİN
59,KARAİSMAİLOĞLU
60,OKUDAN
61,IŞIK
62,SOYTAŞ
63,KILAÇ
64,DAYANGAÇ
65,KÜÇÜKYILDIZ
66,AKTÜRK
67,KASKALAN
68,KUŞAKÇI
69,SEVER
70,TOYRAN
71,SEMERCİ
72,TOPAL
73,GENÇ TALAS
74,BOBUŞOĞLU
75,KOÇ
76,TATAR
77,ASOĞLU
78,ÖZAN SANHAL
79,TATLI
80,USLUSOY
81,KAHREMAN
82,EŞKAZAN
83,BAKLACI
84,DOĞANGÜZEL
85,AYKOL
86,ÖZSAYIM
87,ALUÇLU
88,ÖZİŞ
89,GENÇPINAR
90,ZİLELİGİL
91,TEPE
92,KOCABAŞ
93,TOPKARA
94,YETKİNŞEKERCİ
95,AKDUMAN
96,ÖZER ÇELİK
97,YILMABAŞAR
98,YERAL
99,ARGA
100,AKÇAYIR
101,DEĞİRMENCİ
102,AYDEMİR
103,TEMLİ
104,ÇAKIR
105,ÇELİKTEN
106,EVREN
107,DİLEK
108,AYKUŞ
109,GERİLMEZ
110,KARADAVUT
111,GÜLEN
112,GERGER
113,KARTAL
114,UZUNCA
115,BALTACI
116,TOZLU
117,KOÇYİĞİT
118,ÇİFT
119,BALSAK
120,AKANSEL
121,ASLAN
122,GÖKÇE
123,CEYLAN
124,ULUSOY
125,AYDOĞAN
126,CANBAZ
127,DEMİRCAN
128,YENİAY
129,BERENT
130,GÖRÜNMEZ
131,ŞEN TANRIKULU
132,KARAKUŞ EPÇAÇAN
133,NİMETİGİL
134,AKAN
135,POTA
136,DEMİRKAPI
137,GÜVENÇ
138,KAN
139,BİLAL
140,ÖVEN USTAALİOĞLU
141,ÇİNPOLAT
142,YORGANCI
143,ÇÖREKLİ
144,YAMAN
145,ULUBA
146,TAŞTEKİN
147,ATASOY
148,ONAR ŞEKERCİ
149,TAVŞAN
150,TIRAŞ
151,KAYRA
152,SİL
153,DEMİRTÜRK
154,GÜNDOĞDU
155,KOTTAŞ
156,ÖZKURT
157,VURGAN
158,KARAOĞLANOĞLU
159,ATBİNİCİ
160,YENİGÜN
161,BOLAÇ
162,EVİK
163,ŞEN
164,TARLAN
165,BÜYÜKKALAYCI
166,İSEN
167,UYANIK
168,ŞİMŞEK
169,SAĞ
170,SAĞIR
171,TUĞCUGİL
172,GÖKMEYDAN
173,ÖZTÜRK
174,KENDİRLİ
175,KUMRAL
176,KARAKULAK
177,ÇEVİK
178,DİRİCAN
179,CERİT
180,GÖKALP
181,ERGE
182,TOKATLIOĞLU
183,OKTAY
184,UYĞUN
185,BELGEMEN
186,GÜLENAY SÜMER
187,PARLAK
188,BATÇIK
189,TOKAT
190,YERLİKAYA
191,ÇİFTCİ
192,ZEYLİ
193,OFLAZ
194,BULUT
195,TANRİVERDİ
196,YÜKSELMİŞ
197,YÜCEL
198,GENEL
199,ÖNCEL
200,KÜÇÜKÖZKAN
201,BACAK
202,KARAKOYUN
203,GÜNGÖRMEZ
204,OLGAÇ
205,HÜSEYNİ
206,TAŞAR
207,KÖYCÜ
208,GÜNEŞ
209,ZEYBEK
210,AKBAŞ
211,HÜSEYİNOĞLU
212,ALPAYCI
213,BÜYÜKBULUT
214,GÜLEN AKKÜÇÜK
215,KARCIOĞLU
216,MÜFTÜOĞLU
217,KÜÇÜKCERAN
218,BAL
219,YILMAZ İNAL
220,BİLGİN
221,PAKÖZ
222,AKEL
223,ÇETİNKOR
224,GAZİ
225,SULTANOĞLU
226,ÖZCANOĞLU
227,KOPAN
228,SARICA DAROL
229,ALDİNÇ
230,UÇAR
231,EYÜP
232,ARSLAN KAŞDOĞAN
233,UYAR
234,SADIÇ
235,TEHLİ
236,BOZKURTER
237,AYDIN
238,NASIROĞLU
239,GÜREL
240,KOL
241,YAZICI
242,AKBAŞ ÖNCEL
243,ÖZAVCI AYGÜN
244,İNCİ KENAR
245,ATAK
246,SÖKER
247,KİŞİ
248,KATRAN
249,ULUTAŞ
250,ARACI
251,NADASTEPE
252,ALTINBOĞA
253,BÖLÜKBAŞ
254,SAĞLAM
255,BEREKATOĞLU
256,MEMETOĞLU
257,TOPER
258,TEMEL
259,AYDINER
260,ÖNER
261,ATAR
262,YAMAK
263,ALĞAN
264,GÜRBÜZ
265,DÜGER
266,ÇİPE
267,YAĞCI
268,SUCAK
269,BAK
270,PIRTI
271,USLU
272,AKSAKAL
273,ÜNVER
274,BERBER
275,SAK
276,AKDEMİR
277,DEDE
278,YEŞİL
279,AYCAN
280,KARACA
281,HAVAS
282,YILMAZ GELEBEK
283,KEMİK
284,ÖZBEYLER
285,YENİN
286,BAŞDAŞ
287,KAYLAN
288,ERGÜLÜ EŞMEN
289,OKÇU
290,SÖZER
291,NOZOĞLU
292,DÜNDAR
293,MART
294,ÇEVİKER
295,ARKAN
296,KULA
297,ÖZTÜRKERİ
298,ATÇEKEN
299,KALIPCI
300,BAŞCI
301,DORUK
302,KURU
303,ASIG
304,ÇETİN
305,DÖNMEZ
306,BUĞRUL
307,ÇELİK
308,YUMURTAŞ
309,SINICI
310,HİÇDURMAZ
311,KAYAOĞLU
312,BAYRAKTAROĞLU
313,EMELİ
314,ATİK
315,ŞAHİN
316,MURT
317,KONURALP
318,ŞEN GÖKÇEİMAM
319,ÜREYEN
320,ÖZDİL
321,BAYRAKTAR
322,BAĞCIK
323,OKULU
324,AZAK
325,İNANMAZ
326,ÇINAR
327,İŞGÖREN
328,YILMAZ ÇİFTDOĞAN
329,BATGİ AZARKAN
330,ÖZALP
331,KIRAÇ
332,EVCİ
333,GENÇ
334,KARAKURT
335,BAKAN
336,DÜZKALIR
337,SÜVERAN
338,ZAİM
339,BAHADIR
340,BİLİCİ
341,AKSOY
342,ÖNAL MUSALAR
343,TURANOĞLU
344,KILAVUZ
345,ARİFOĞLU
346,HODJAOGLU
347,ENGİZ
348,BAYRAM
349,ILGIN
350,GÜLER
351,YENİÇERİ
352,MERTOL
353,MAĞATUR
354,SERTKAYA
355,TALAS
356,ÜNGÜR
357,AKSAÇ
358,KARACAN ERŞEKERCİ
359,ADANIR
360,TİKİCİ
361,ŞAHAN
362,ÖZGÜR
363,ALP
364,ÖZKIRIŞ
365,KARADAĞ
366,LEYMUNÇİÇEĞİ
367,DİVARCI
368,BAŞKAN VURALKAN
369,PAZIR
370,BAŞAK
371,ÖZKANLI
372,YAZAK
373,KALYENCİ
374,ÖLKER
375,ÖZKAN
376,BAYTAN
377,OKUR
378,PARASIZ
379,GAYRETLİ AYDIN
380,KIRIŞ
381,ŞENGÜLEROĞLU
382,ÇİLESİZ
383,KUYUCU
384,YÜZER
385,AKTEMUR
386,BERKAY
387,KARAOĞLU
388,KULAKSIZ
389,KAYACAN
390,NURLU
391,DAYLAK
392,AKIN
393,TAŞKIRAN
394,TUTAR
395,SELVİ
396,TOPALOĞLU
397,PULAT
398,KILIÇOĞLU
399,KEBAPCILAR
400,KAYAALP
401,BÜYÜKKAL
402,DAĞ
403,BAŞARGAN
404,IŞIKALAN
405,KARADEMİR
406,DARAMAN
407,TUNÇAY
408,AVSEREN
409,UZ
410,YURDAM
411,KARPUZ
412,TUNÇ
413,KULAK GEDİK
414,CAMGÖZ
415,ERTAN
416,ÇOBANYILDIZI
417,ÖDEN
418,ERKURAN
419,AHISKALI
420,EKİNCİ
421,TÜRKYILMAZ
422,AZAP
423,ARIKBOĞA
424,MÜEZZİNOĞLU
425,ATABAY
426,SAYGIN
427,TURAN
428,AVŞAR
429,ZORLU KARAYİĞİT
430,GÖZÜGÜL
431,ARICI
432,GÖKSOY
433,BAYHAN
434,TÜRE
435,KIZMAZ
436,TÜRKAY
437,COŞGUN
438,OFLAZOĞLU
439,GÖZCÜ
440,USLUBAŞ
441,ÇÖLBE
442,DEVELİ
443,YETİZ
444,AKÇAY
445,ERCAN
446,KURTPINAR
447,YURTDAŞ
448,HALICI
449,BIÇAKÇI
450,KARLI
451,TACİR
452,KAYABAŞ
453,CELİLOĞLU
454,DALYAN CİLO
455,CERAN
456,HÖKE
457,KAYKISIZ
458,YÖRÜK
459,BÜYÜKPASTIRMACI
460,GÖRKEM
461,KÖŞKER
462,BAŞER
463,BALTA
464,AKBULUT
465,ARAZ SERVER
466,DİNLER
467,ERDEM
468,GÜLDAMLA
469,TAŞ
470,ŞENER
471,ALBOĞA
472,ETLEÇ
473,DEMİRELLİ
474,BERTAN
475,YENİDÜNYA
476,KOCAYİĞİT
477,ÖZKAYA
478,BİRİ
479,TİLBE
480,AHÇI
481,YAVUZ SEZGİN
482,ARIK
483,TEVDİK
484,ALADAĞ
485,BACAKSIZ
486,BADEM
487,TÜLPAR
488,YANCAR
489,ÖZÇAY
490,KAYIHAN
491,ÖZTOPRAK
492,BARDAKÇI
493,ÖZKURT PÜRCÜ
494,SALDIRAY
495,BOLATKALE
496,ÇÖL
497,TÜRKMEN ALBAYRAK
498,ÜNSAL
499,AKSUN
500,SORGUN EVCİLİ
501,SAVĞA
502,TAY
503,KALEM
504,GÜÇLÜ
505,ELİK
506,ABACIOĞLU
507,FİLİZAY
508,ÇİTİL
509,CILIZ BASHEER
510,AKOVA
511,KIZILMEŞE
512,ÖRENÇ
513,ULU
514,YAĞCIZEYBEK
515,BEKAR
516,BOZKUŞ
517,KARATOPRAK
518,TEZER
519,AKKAŞ
520,İBİŞOĞLU
521,EMİRLİOĞLU
522,SABAZ
523,DERE
524,CAF
525,BAŞAR
526,KALKAN
527,GENÇER
528,ALTUNA
529,SAKA
530,YADİGAROĞLU
531,OLPAK
532,CANSEVER
533,KISAOĞLU
534,NAR
535,ŞEYHANLI
536,SÜNER
537,AKBUDAK
538,AKDENİZ
539,YAŞAR
540,TEKİN
541,GÖKGÜL
542,MENEKŞE
543,KASAPOĞLU
544,VAROL
545,MERHAMETSİZ
546,BAŞTEMİR
547,ÇATAK
548,BOĞAN
549,DURMAN
550,KAZBEK
551,ARSLAN
552,DOKUMACIOĞLU
553,ÖZER
554,TAŞLI
555,ALBAY
556,PEHLİVAN
557,OMAY
558,KHALİL
559,SADİ AYKAN
560,AKCAN ATASOY
561,İLKAY
562,EKİCİ
563,TOMBUL
564,ŞİRZAİ
565,EZER
566,KAÇIRA
567,KIVRAK
568,GÜLLÜ
569,KARASU
570,ÇELİKER
571,SEVİNÇ
572,KUNAK
573,ÇAY
574,ALIŞIK
575,SARICANBAZ
576,ŞEKERLER
577,YAKKAN
578,ÖNDE
579,SARAÇOĞLU ÇEKİÇ
580,ÇAVDAR
581,TÜRKOĞLU
582,TANRIVERDİ YILMAZ
583,ASİL
584,ŞARLAK
585,ŞANLIER
586,GEÇMEN
587,GÜLSOY
588,CEBECİ
589,CAMCI
590,YAVAŞİ
591,UĞURLU
592,TAN
593,DAĞLIOĞLU
594,ARI
595,DEMİRKOL
596,AKTAN
597,DİLLİ
598,SAKARYA
599,ALTUNTAŞ
600,SARAÇ
601,YILMAZ
602,GÜNEBAKAN
603,TAYFUR
604,KARKIN
605,CENGİZ
606,TOLA
607,IŞIKLI
608,BAŞTÜRK AYHAN
609,EVRAN
610,GENCAN
611,EVMEZ
612,ÇİÇEKBİLEK
613,BALOĞLU
614,ARSLANKEÇECİOĞLU
615,SUNGAR
616,İNSELÖZ
617,ARMAĞAN
618,MUTLUER
619,BİNNETOĞLU
620,KARAKÖSE
621,KARATAŞ
622,SANHAL
623,BOZOĞLU
624,DANIŞOĞLU
625,TANİN
626,SU DUR
627,KADAK
628,AYTEKİN
629,YETER
630,GÖK
631,KAHYA
632,AK YILDIRIM
633,FEYZULLAHOĞLU
634,ERŞEN
635,BURAK
636,TEKER
637,DEMİRDAĞ
638,GÜVEN MEŞE
639,ÖNAL
640,TEĞİN
641,ERGİNTÜRK ACAR
642,YASA
643,ÖZMEN SÜNER
644,ÇIRAKOĞLU
645,MANAV
646,TANRIKULU
647,AKHUN
648,ALTUN
649,KANSU
650,ASLANKARA
651,CANACANKATAN
652,KARADURAK
653,MOLLA
654,AKTAŞ
655,ÖZAYDIN
656,TEOMAN
657,KEŞKEK
658,BODUROĞLU
659,FAKIOĞLU
660,CİNDEMİR
661,BEKLER
662,METİNEREN
663,ABSEYİ
664,ÖZGÜROL
665,KARAKUM
666,EYİSOY
667,ALTINSOY
668,BAZ
669,ÇEVİRGEN
670,SÖZEN
671,ÇOPUR
672,KUTAN
673,AMİROVA UÇAN
674,KİREÇÇİ
675,PİRDOĞAN
676,KIZILTOPRAK
677,ÖZÜAK
678,AZAR
679,DİNCER
680,ÖZEL
681,ERTEM
682,BAŞYURT
683,YAKAR
684,CANATAN
685,SENEMTAŞI
686,KIZANOĞLU
687,GÜZEL
688,SAĞCAN
689,CANDEMİR
690,AYVAZ
691,GEYİK
692,ÜNÜVAR
693,BARIŞAN
694,ERDAĞ
695,ALKAÇ
696,BAŞYİĞİT
697,ALAY
698,TOPUZ
699,ALBAŞ
700,ALMOFTI
701,TARKAN
702,BUDUNOĞLU
703,DADALI
704,KAPÇAK
705,ONRAT
706,ÖNVERMEZ
707,KESGİN
708,GÜMÜŞ
709,DİLMEN
710,OYNAK
711,HEYBET
712,KANYILMAZ
713,ALIM
714,KARAMAHMUTOĞLU
715,AKYÜZ
716,TAŞMALI
717,BÜYÜK
718,BARÇAK
719,AYMAN
720,GÖNCÜ
721,ERDOĞMUŞ
722,GÜLEŞEN
723,KÜÇÜK
724,SARIÇİÇEK
725,GÖDE
726,ÖCALAN
727,ORAL
728,ÖZHAN
729,TÜRKSOY
730,SÜRMEN AKYOL
731,GEDÜK
732,AŞKIN
733,GÖKKOCA
734,EMET
735,KAVMAZ
736,FİLİZ
737,KARADAŞ
738,DÜZGÜN
739,ÖRNEK
740,SANSARCI
741,ÖZÇELİK ORAL
742,KİRAZ
743,TÖNGE
744,KÜFECİLER
745,DEĞİRMENCİ AKAR
746,KELEŞ
747,KARADENİZ
748,BÜKÜLMEZ
749,KARAALP
750,TUNCER
751,GÜNGÖR UZUNOĞLU
752,APAYDIN
753,KIRAN
754,KÜTÜKOĞLU
755,NALBANT
756,YANARDAĞ
757,ESKİMEZ
758,SİĞA
759,ÖZYÖRÜK
760,BEREKET
761,GEZİCİ
762,ŞENTÜRK
763,KABA
764,SUMAN
765,VURAL
766,GÖRMELİ
767,SERTEL
768,BERK
769,POLAT
770,ORTA
771,AKÇALI
772,ÇEKİÇ
773,GÜZELKÜÇÜK
774,KARAAĞAÇ
775,KILIÇ
776,KAÇER
777,ÇOLAK
778,ERDOĞAN
779,ERTAŞ
780,ÇAVLI
781,PAKSOY
782,SÜRÜM
783,YUMAK
784,ŞATIR ERTEM
785,ÖZÇELİK
786,KARAPIÇAK
787,KÖYLÜ
788,BOZARSLAN
789,BARUT
790,KARALAR
791,BAYSOY
792,ÖĞÜTMEN KOÇ
793,KALA
794,BABAYİĞİT
795,AKAR
796,AYKAN
797,DOĞAN
798,SEYREKOĞLU
799,DEMİRGAN
800,AK
801,AĞCA
802,KÜÇÜKGÖNCÜ
803,ELVERDİ
804,BAKANAY ÖZTÜRK
805,YALÇİN
806,BOLAT
807,KANDEMİR
808,YAŞAN
809,MORAN
810,ŞAHİNER
811,ÜZEN
812,ÜNLÜ
813,ÖZDAMAR
814,TUNCEL
815,KAPAR
816,MENDEŞ
817,DAL
818,FIRAT
819,ORHAN
820,ŞİRİN
821,AKKOYUNLU
822,TANTEKİN
823,ÖZDOĞAN
824,ÜLGEN
825,SULUOVA
826,ÇELEN
827,AKPINAR
828,KEKLİKÇİOĞLU
829,İVACIK
830,ACAR
831,DÜZCE
832,GELEGEN
833,SOLUK
834,TAYYAR
835,TURMUŞ
836,BİLGİ
837,SİPAHİ
838,SERTOĞLU
839,ANIK
840,ŞERBETÇİ
841,KAYKA
842,URUÇ
843,ÇOLAKEROL
844,SARAL
845,ÖNEY KURNAZ
846,ATİLLA
847,KOCAKAYA ALTUNDAL
848,KÖROĞLU
849,KAPLAN
850,LEVENT
851,DENİZ
852,SUVARİ
853,HANCIOĞLU
854,AYHAN
855,AYIK
856,KISA KARAKAYA
857,ERDEN
858,YİLDİZ
859,SAÇLI
860,GÜLTEKİN
861,ÖKTEM
862,DUYSAK
863,YİĞİT KUPLAY
864,BÜYÜKDOĞAN
865,OLMAZ
866,OZAN
867,YÖNET
868,ÇETİNTAŞ
869,ACARBULUT
870,KARAKAN
871,KINIK
872,KÖSEOĞLU
873,YAZICI EROL
874,UZUN
875,YURDSEVEN
876,KARAKÖK GÜNGÖR
877,DEMİRTAŞ
878,FINDIK GÜVENDİ
879,PEYNİRCİ
880,ÖREN
881,AKGÜN
882,TOŞUR
883,KITAY
884,HOŞER
885,DURAN
886,SEZER
887,ÇELEBİ
888,TOPÇU
889,GÖKCE
890,ELÇİÇEK
891,GÜLCAN
892,NURÇİN
893,GÜVEN
894,PİRİM
895,KABİL KUCUR
896,KAYHAN
897,BOZOĞLAN
898,ISSI
899,İLHAN
900,ÇOBAN
901,TARAKCI
902,BÖYÜK
903,TUNCAY
904,BİLGE
905,KUSERLİ
906,OLGEN
907,AFŞAR
908,TAZEOĞLU
909,CİNBİZ
910,DEDEOĞLU
911,OSMANCA
912,KOPTUR
913,AÇAR
914,İNCEOĞLU
915,ÖĞÜT AYDIN
916,ÜÇER
917,KIYAK
918,GÖRENEKLİ
919,KARSLI
920,SÜMER
921,YAKIŞAN
922,YANNİ
923,SAYYİĞİT
924,KANKILIÇ
925,SELÇUK
926,YALÇIN
927,EVRENOS
928,YILDIZ ALTUN
929,GÜRPINAR
930,YURDAKÖK
931,ÖZDEN
932,BAYSAL
933,MERDEN
934,İZCİ
935,AKDOĞAN
936,ÇİFTÇİ
937,YILDIZ
938,KOLUŞ
939,GÖKÇEN
940,SELVAN
941,GÜLŞAN
942,BAZİKİ
943,ÇOBANOĞLU
944,ONAT
945,PINARBAŞILI
946,DAĞDELEN
947,YILDIZ BULUT
948,ATILGAN
949,NASUHBEYOĞLU
950,UYSAL
951,SARAYLI
952,ADIGÜZEL
953,ÖTER
954,ARIKAN
955,ELDEM
956,İLKER
957,GÜLŞEN
958,ÖZTAŞ
959,EYLEN
960,ŞENCAN
961,SEYHAN
962,CANTÜRK
963,ÇETE
964,YÜCE
965,ÖZATEŞ
966,KAPLANKIRAN
967,URAL
968,MERSİN
969,SÜRÜCÜ
970,ORHON
971,KIZILDAĞ
972,BABACAN
973,ULUBAŞOĞLU
974,KUTLUCAN BAĞCI
975,DESTEGÜL
976,AZRAK
977,GÜL ÖZMEN
978,KÖKSAL
979,AVCU
980,ÇOMUT
981,İSTEK
982,AKKAYA
983,ESER
984,PEKEL
985,YALÇINKAYA
986,İLGÜN
987,BULUR
988,ÜLGER
989,KOÇARSLAN
990,SARIEKİZ
991,UĞUZ
992,USTA GÜÇ
993,GÜRDAL
994,AŞAN
995,DÜZEL
996,YEL
997,BEDER
998,ÜNAL
999,DURSUN
1000,BALABAN
1001,ORDULU ŞAHİN
1002,ÇANGAL
1003,UYKUR
1004,KOCASARAÇ
1005,İPEK
1006,HALHALLI
1007,SALMAN SEVER
1008,İNAN
1009,KURALAY
1010,GENÇTÜRK
1011,YEŞİLDAĞER
1012,YAĞLI
1013,KUŞ
1014,KOLSUZ
1015,KAMACI
1016,SÖNMEZ
1017,KOCUBEYOĞLU
1018,KONUK
1019,DURMAZ
1020,YEŞİLFİDAN
1021,ELÇİ
1022,BEKTAŞ
1023,BAKAR
1024,ÖZDOĞAN KAVZOĞLU
1025,FİŞEKCİ
1026,KADI
1027,ÖZDEMİR AKDUR
1028,BALAL
1029,MUTLU
1030,KIYAK YILMAZ
1031,KILIÇCIOĞLU
1032,BAHÇECİ
1033,AKKOYUN
1034,KALYONCU UÇAR
1035,DAĞLI
1036,EKER
1037,KARÇİN
1038,ORAK
1039,ATLANOĞLU
1040,SAVAŞ
1041,ÇAMUR
1042,YILDIRIMÇAKAR
1043,ÇETEMEN
1044,İNER KÖKSAL
1045,AKSÖZ
1046,OĞUZ
1047,ULUÖZ
1048,BAYRAKÇI
1049,ÇETİNKAYA
1050,BAŞKAN
1051,SELVİOĞLU
1052,GEDİKLİ
1053,ERTÜRK
1054,ERBAŞ
1055,DİL
1056,AÇIKGÖZ
1057,DERHEM
1058,İMAMOĞLU
1059,KUBAT
1060,BÜKÜM
1061,KURUL
1062,ÖZDENOĞLU
1063,KARABULUT
1064,YAPAR
1065,POLAT ÇİÇEK
1066,KARAHAN
1067,ERTÜRKLER
1068,KUCUR TÜLÜBAŞ
1069,ERKEN
1070,SELİM
1071,ÖZSOY
1072,KIRBAŞ
1073,BULAKÇI
1074,TURAÇ
1075,ÖZBEK
1076,EROĞLU
1077,SARGIN
1078,GÖKTEPE
1079,ERGİNEL
1080,TEKİNSOY
1081,GÖZKAYA
1082,KOÇAR
1083,KESKİN
1084,GÜNDÜZ
1085,BAYGELDİ
1086,DİKOĞLU
1087,ATCI
1088,SEĞMEN
1089,KARAKOYUNLU
1090,ÖZCAN
1091,DEMİR
1092,ŞAHİN DUYAR
1093,ERGÖZ
1094,KAYNAK
1095,TÜTEN
1096,DADLI
1097,İPLİKÇİ
1098,ÇEPNİ
1099,KILINÇ
1100,ALPINAR
1101,ÖZCANLI
1102,BOLATTÜRK
1103,BAKLALI
1104,CORUT
1105,SOYDAN
1106,KOCABIYIK
1107,EMLAKÇIOĞLU
1108,RENÇBER
1109,HIDIROĞLU
1110,PEKTAŞ
1111,YEŞİLKAYA
1112,TÜFEKÇİ
1113,ALIMLI
1114,KOR
1115,KARACAN 
1116,HEPKAYA
1117,ÇEÇEN
1118,ŞANLIKAN
1119,ABAT
1120,ALTIN
1121,COŞKUN
1122,AYAZ
1123,BAHÇEBAŞI
1124,BAYAR
1125,KIRASLAN
1126,TOHUMOĞLU
1127,KARAMEŞE
1128,SARAÇOĞLU
1129,TUTAŞ
1130,ÖZEKLİ MISIRLIOĞLU
1131,ALKIŞ
1132,ÖZMUK
1133,ŞENGÜL
1134,YİĞİT
1135,BOSTANKOLU
1136,KINDIR
1137,ALKURT KAYIKÇI
1138,GÖZAÇAN
1139,TURGUT
1140,KANIK YÜKSEK
1141,CANDANER
1142,SİVRİ
1143,ŞAHBAZ
1144,BÜYÜKCERAN
1145,ÖNDER SİVİŞ
1146,TOY
1147,YARAR
1148,POSTALLI
1149,BAŞKAK
1150,ÜRÜN
1151,ARAS
1152,ATBAŞ
1153,KESİM
1154,ALTAŞ
1155,ÇINARLIK
1156,BAŞMAN
1157,DEMİREL
1158,GİNİŞ
1159,KARAKAŞ
1160,SARP
1161,METE
1162,KARAMANLI
1163,CANİK
1164,ERZURUM
1165,BARATALI
1166,ASENA
1167,ALMACIOĞLU
1168,YEGİN
1169,İMALI
1170,TÜFENK
1171,BİNBOĞA
1172,CANPOLAT
1173,YÜREK
1174,KARDAŞ
1175,BOZKURT
1176,SÖYLEMEZ
1177,EKEN
1178,AKTUĞ
1179,DEMİRER
1180,ÜZÜM
1181,YAŞİT
1182,GÖKTEN
1183,SU KURT
1184,NART
1185,TEMİZ
1186,SALTÜRK
1187,SUSAM
1188,AYTAÇ
1189,AKASLAN
1190,ERYILMAZ
1191,ERDAL
1192,GÜL
1193,İRİS
1194,CANBOLAT
1195,YILDIZOĞLU
1196,ULAŞ
1197,AKGÜL
1198,HASSAN
1199,GÖRDÜK
1200,OLCAR
1201,ÖZÜDOĞRU
1202,BİCAN
1203,AYDOS
1204,YARBİL
1205,YAĞAN
1206,KIRHAN
1207,CANDAN
1208,TÜRKDOĞAN
1209,ÖZEK
1210,EKİZ
1211,SEVEN
1212,KARAKUŞ
1213,ERAT
1214,PEKDOĞAN
1215,AŞIK
1216,GÜLEÇ
1217,KÜTÜK
1218,KARABAĞ
1219,ÇAĞIL
1220,BAYANA
1221,SEZGİN
1222,LAĞARLI
1223,AYRANCI
1224,ELBÜKEN
1225,ERGÜN
1226,ARSLANOĞLU
1227,SEÇKİN
1228,MENTEŞ
1229,SAVRAN
1230,OĞUZSOY
1231,PARA
1232,MELEKOĞLU
1233,BAGLARS
1234,YARDIMCI
1235,AKMAN
1236,YENİLMEZ
1237,SADUNOĞLU
1238,TÜREMENOĞULLARI
1239,BABADAĞI
1240,ARGON
1241,GİDER
1242,ALAN
1243,SÜL
1244,URFALI
1245,ÜRKMEZ
1246,UTLU
1247,TOLU
1248,KAYKI
1249,SAYİNER
1250,EŞME
1251,KORKMAZ
1252,ÇINKIT
1253,AYDIN BADILLIOĞLU
1254,BÜYÜKCAM
1255,ERASLAN
1256,KERİMOĞLU
1257,KISA
1258,KOCAMAN
1259,UZUNCAN
1260,ASLANALP
1261,AKSU
1262,BÖLÜK
1263,KOCA
1264,COŞKUNER
1265,ÇAYLI
1266,HATİPOĞLU
1267,ARTUÇ
1268,TEL KANKILIÇ
1269,TALAN
1270,İLGEN
1271,TEMURTAŞ
1272,KARAMAN
1273,ONUK
1274,ÇINKIR
1275,KIZILTEPE
1276,DUMLUDAĞ
1277,ÖZSAYGILI
1278,TOPRAK
1279,KAAN
1280,MÖNÜR
1281,KORUCU
1282,HALİS
1283,MUMCUOĞLU
1284,SANDAL
1285,GÖRMÜŞ
1286,DEMİRHAN
1287,KOZANOĞLU
1288,AY GÜNEY
1289,AL
1290,EŞFER
1291,KOÇOĞLU
1292,ŞELİMAN
1293,SARIGÜL
1294,TOKAR
1295,ERKAN
1296,ÖKMEN
1297,DÖKMECİ
1298,ÖZDEMİR
1299,CAN BORAN
1300,ÖZANLAĞAN
1301,BALLI
1302,KURT
1303,KUMBUL
1304,KARACAN
1305,ESMERAY
1306,BATMAZ
1307,SARI
1308,DİKİCİ
1309,BABA
1310,ALICI
1311,SÖNMEZER
1312,SEKİN
1313,ÇAKMAK
1314,GÜVEREN
1315,CÖMERT
1316,ŞATIROĞLU
1317,YABUL
1318,BAYAM
1319,AKAY
1320,BÜDÜN
1321,ÜSTÜNDAĞ
1322,İLERİ
1323,KARNAS
1324,ASLANER
1325,ONAY
1326,KÖSE
1327,AYAS
1328,PEKGÖZ
1329,ÇETİNER
1330,OCAK
1331,EREL
1332,KESER
1333,BAYMAK
1334,TENEKECİ
1335,ÖCAL
1336,BÜLBÜL
1337,BURULDAY
1338,ALTUNÖZ
1339,AKŞAHİN
1340,UYGUR
1341,KESİK
1342,EROL
1343,EMRE
1344,BALCI
1345,GÜMÜŞÇÜ
1346,YALINKILIÇ
1347,YÜKSEL
1348,BULUÇ
1349,GENÇDAL
1350,KAVURGACI
1351,AKYÜREK
1352,ÖZASLAN
1353,SANCAR
1354,KUTLUYURDU
1355,DÖNERTAŞ
1356,KÜTÜKCÜ
1357,SOYKAMER
1358,SARIKAYA
1359,AYYILDIZ
1360,SOYER
1361,HAKYOL
1362,DİNÇER
1363,DEMİRBAŞ
1364,YILANLI
1365,SAF
1366,SAKALLIOĞLU
1367,KARAKAYA
1368,AKÖZ
1369,SEÇİR
1370,ÇERİK
1371,BÜYÜKTAŞ
1372,DUMLU
1373,İNCE
1374,SULHAN
1375,KANNECİ
1376,UFACIK
1377,TEKİR
1378,YEŞİLOVA
1379,AKCA ÇAĞLAR
1380,KURT GÜNEY
1381,YILDIRIM
1382,İNANÇ
1383,ARDA
1384,SAĞDIK
1385,ÖZKAYNAR
1386,USUL
1387,SEVİMLİ
1388,ALPSAN GÖKMEN
1389,GÖKÇEK
1390,ÜSTÜN
1391,SÜLÜK
1392,DEMİRÖZ
1393,CAN
1394,ÖNDER
1395,ÜLKEVAN
1396,SEYREK
1397,YEGEN YILMAZ
1398,İLİK
1399,FİDAN
1400,ÇALIK
1401,ÇİÇEK
1402,DUYAN
1403,İZGİ
1404,KIRLANGIÇ
1405,ŞENÖZ
1406,ARARAT
1407,GÜRAKAN
1408,KIRLI
1409,GİRAY
1410,ERSÖZ
1411,DUYU
1412,ZENGİN
1413,SOBAY
1414,ALBEN
1415,GÖLEMEZ
1416,KARADAĞ GEÇGEL
1417,SEZEN
1418,CELTEMEN
1419,ATEŞ
1420,BAKAY
1421,YAKUT
1422,GÜRSOY
1423,BAĞ
1424,ELGÖRMÜŞ
1425,BÖCÜ
1426,AKYILMAZ
1427,KARAARSLAN
1428,TOPAK
1429,EREN
1430,GÜNEY KOCABAŞ
1431,TEKİŞ
1432,1
1433,GÜNYEL
1434,ATİLA
1435,SÖKMEN
1436,MERT
1437,MESCİ HAFTACI
1438,KAZANCI
1439,BAŞARAN
1440,KINALIOĞLU
1441,KAZAN
1442,İLBAY
1443,KÖYLÜOĞLU
1444,ALPARSLAN
1445,KILIÇ YILDIRIM
1446,GERDAN
1447,ATAY
1448,HAMDEMİRCİ
1449,ERSOY
1450,TAYFUN
1451,TOKER
1452,ÇANTAY
1453,MAVİ
1454,SUBARİ
1455,CİMBEK
1456,HİÇYILMAZ
1457,BİÇER
1458,SONAY
1459,DUMAN
1460,ERTEKİN
1461,GÜVERCİN
1462,ATMIŞ
1463,DEMİR GÖÇMEN
1464,KUTLAR
1465,YURT
1466,KİRİŞCİ
1467,KABACAOĞLU
1468,ÇAĞLAR
1469,KACEMER
1470,KIZMAZOĞLU
1471,COŞAR
1472,BARBAROS
1473,GÜNAY
1474,CİRİT KOÇER
1475,SÖYLER
1476,BOLKAN
1477,PİRİ
1478,TOPCUOĞLU
1479,ÇALIŞKANTÜRK
1480,TEN
1481,SERTKAYAOĞLU
1482,TAŞCI
1483,SUZAN
1484,KASAP
1485,KORKMAZOĞLU
1486,GÖKTÜRK
1487,SEVİNGİL
1488,GÖKTAŞ
1489,ÖZMEN
1490,ESEN
1491,ÖZBEY
1492,DURUK
1493,DEVECİ
1494,GEDİK YILMAZ
1495,TÜLÜCE
1496,SU
1497,AKINCI
1498,KURTULUŞ
1499,KAYAYURT
1500,BÖRTA
1501,KIRCALI
1502,NİZAM
1503,MEMİŞ
1504,BAKIRCI
1505,PEKER
1506,ÇOKER
1507,DEMİRAY
1508,DAM
1509,SERBEST
1510,NUHVEREN
1511,SAYIN
1512,ŞAŞMAZ
1513,GÜMÜŞAY
1514,AKKAN
1515,AYDUĞAN
1516,KELERCİOĞLU
1517,ELMAAĞAÇ
1518,ARIKAN YORGUN
1519,GÜRDEMİR
1520,KAYMAN KÖSE
1521,TAHTACI
1522,BOZPOLAT
1523,BİLGİÇ
1524,TAŞDELEN
1525,EFE
1526,ÇETER
1527,ÜNÜŞ
1528,MİRZA
1529,SAKALLI
1530,AKSEL
1531,GÜRBOSTAN
1532,PİŞİRGEN
1533,BAYRAK
1534,GÜNBEY
1535,YANMAZ
1536,AVCI
1537,DURMUŞ
1538,KOYUNCU
1539,ERYAVUZ
1540,YANIK
1541,YAYIKÇI
1542,ÜZER
1543,ALAYBEYOĞLU
1544,EMLEK
1545,ATALAY
1546,AKMEŞE
1547,İŞTAR
1548,ÖZDEMİRKIRAN
1549,GÜNEYSU
1550,ALBAYRAK
1551,BARÇA
1552,ÖZATA
1553,BAĞCI
1554,ALTUNYAPRAK
1555,ÇANKAYA
1556,MALÇOK
1557,KARAN
1558,GÜNAYDIN
1559,KAŞIKÇI
1560,ERDEM ÖZCAN
1561,GÜRER
1562,ÜNALAN
1563,BOLSOY
1564,HAŞİMOĞLU
1565,ADISANLI
1566,KAVUKOĞLU
1567,GAZETECİ TEKİN
1568,YÜCETÜRK
1569,ÜÇGÜL
1570,YÜZBAŞIOĞLU
1571,ÖZGÜNER
1572,KÖKSOY
1573,NACAR
1574,ORMAN
1575,ALABALIK
1576,BARAN
1577,TİMURTAŞ DAYAR
1578,TOKTAŞ
1579,GÖKSEL
1580,ELLİALTI
1581,KAYA
1582,DURÇ ÖZTÜRK
1583,BOZAN
1584,VEZİROĞLU BİRDANE
1585,VARICI
1586,ÇİLDİR
1587,KARAKILIÇ
1588,BAŞ
1589,KUDAY
1590,KAHRAMAN
1591,ARDIÇ
1592,YURTLU
1593,AKYOL
1594,TOPTAŞ
1595,ÖRDEK
1596,KUŞKU
1597,ZUBAROĞLU
1598,SARİ
1599,ONAN
1600,GÖÇEN
1601,KANAT
1602,ÇATUK
1603,DÜZ
